报告日期,2018-03-31,2017-12-31,2017-09-30,2017-06-30,2017-03-31,2016-12-31,2016-09-30,2016-06-30,2016-03-31,2015-12-31,2015-09-30,2015-06-30,2015-03-31,2014-12-31,2014-09-30,2014-06-30,2014-03-31,2013-12-31,2013-09-30,2013-06-30,2013-03-31,2012-12-31,2012-09-30,2012-06-30,2012-03-31,2011-12-31,2011-09-30,2011-06-30,2011-03-31,2010-12-31,2010-09-30,2010-06-30,2010-03-31,2009-12-31,2009-09-30,2009-06-30,2009-03-31,2008-12-31,2008-09-30,2008-06-30,2008-03-31,2007-12-31,2007-09-30,2007-06-30,2007-03-31,2006-12-31,2006-09-30,2006-06-30,2006-03-31,2005-12-31,2005-09-30,2005-06-30,2005-03-31
货币资金(万元),9478231.0,17412101.0,9435263.0,10756321.0,9096914.0,8703212.0,7518702.0,7186799.0,5278476.0,5318038.0,4273456.0,4461256.0,3888971.0,6271525.0,4874186.0,4286172.0,3752582.0,4436541.0,3706356.0,3760363.0,5225869.0,5229154.0,3330740.0,4701219.0,3905442.0,3423951.0,3389945.0,4077947.0,3718932.0,3781693.0,3154346.0,1911131.0,1791762.0,2300192.0,2761462.0,2688042.0,2692192.0,1997829.0,1994242.0,1536985.0,1562609.0,1704650.0,2238796.0,1208594.0,922375.0,1074370.0,887003.25,699636.5,512269.75,324903.0,324903.0,324903.0,324903.0
结算备付金(万元),0.0,0.0,0.0,0.0,0.0,0.0,0.0,0.0,0.0,0.0,0.0,0.0,0.0,0.0,0.0,0.0,0.0,0.0,0.0,0.0,0.0,0.0,0.0,0.0,0.0,0.0,0.0,0.0,0.0,0.0,0.0,0.0,0.0,0.0,0.0,0.0,0.0,0.0,0.0,0.0,0.0,0.0,0.0,0.0,0.0,0.0,0.0,0.0,0.0,0.0,0.0,0.0,0.0
拆出资金(万元),0.0,0.0,0.0,0.0,0.0,0.0,0.0,0.0,0.0,0.0,0.0,0.0,0.0,0.0,0.0,0.0,0.0,0.0,0.0,0.0,0.0,0.0,0.0,0.0,0.0,0.0,0.0,0.0,0.0,0.0,0.0,0.0,0.0,0.0,0.0,0.0,0.0,0.0,0.0,0.0,0.0,0.0,0.0,0.0,0.0,0.0,0.0,0.0,0.0,0.0,0.0,0.0,0.0
交易性金融资产(万元),0.0,0.0,0.0,0.0,0.0,0.0,0.0,0.0,6283.0,0.0,0.0,0.0,3167.0,0.0,0.0,0.0,0.0,0.0,0.0,0.0,0.0,0.0,0.0,0.0,0.0,0.0,0.0,0.0,0.0,0.0,0.0,0.0,0.0,74.0,0.0,0.0,0.0,0.0,0.0,0.0,0.0,0.0,0.0,402.0,160.0,230.0,172.5,115.0,57.5,0.0,0.0,0.0,0.0
衍生金融资产(万元),1829.0,1249.0,641.0,641.0,6715.0,45867.0,703.0,8309.0,0.0,12220.0,7218.0,0.0,0.0,3640.0,0.0,0.0,0.0,0.0,0.0,0.0,0.0,0.0,0.0,0.0,0.0,0.0,0.0,0.0,0.0,0.0,0.0,0.0,0.0,0.0,0.0,0.0,0.0,0.0,0.0,0.0,0.0,0.0,0.0,0.0,0.0,0.0,0.0,0.0,0.0,0.0,0.0,0.0,0.0
应收票据(万元),0.0,0.0,0.0,0.0,0.0,0.0,0.0,0.0,0.0,0.0,0.0,0.0,0.0,0.0,0.0,0.0,0.0,0.0,0.0,0.0,0.0,0.0,0.0,0.0,0.0,0.0,0.0,0.0,0.0,0.0,0.0,0.0,0.0,0.0,0.0,0.0,0.0,0.0,0.0,0.0,0.0,0.0,0.0,0.0,0.0,0.0,0.0,0.0,0.0,0.0,0.0,0.0,0.0
应收账款(万元),147643.0,143273.0,130211.0,169483.0,173450.0,207526.0,250427.0,226239.0,161786.0,251065.0,150819.0,189773.0,161471.0,189407.0,173841.0,221024.0,292617.0,307897.0,143247.0,174830.0,181870.0,188655.0,135249.0,114048.0,125417.0,151481.0,99508.0,104489.0,110285.0,159402.0,19254.0,33629.0,40678.0,71319.0,50152.0,100108.0,103714.0,92277.0,77767.0,103220.0,86522.0,86488.0,31751.0,44627.0,29983.0,36461.0,36778.5,37096.0,37413.5,37731.0,37731.0,37731.0,37731.0
预付款项(万元),8309786.0,7301711.0,10527007.0,6896325.0,6015086.0,5026254.0,4939799.0,4614282.0,4276716.0,3964697.0,5302845.0,4010335.0,3796003.0,2943313.0,3232324.0,3194581.0,3370547.0,2865367.0,3186745.0,2960195.0,3337150.0,3337361.0,2408809.0,2262634.0,2396146.0,2011622.0,2148448.0,1922748.0,1930159.0,1783800.0,1084364.0,976045.0,933321.0,873632.0,473385.0,285805.0,321819.0,316052.0,536469.0,582528.0,994305.0,828420.0,450220.0,290459.0,175696.0,231384.0,191141.25,150898.5,110655.75,70413.0,70413.0,70413.0,70413.0
应收保费(万元),0.0,0.0,0.0,0.0,0.0,0.0,0.0,0.0,0.0,0.0,0.0,0.0,0.0,0.0,0.0,0.0,0.0,0.0,0.0,0.0,0.0,0.0,0.0,0.0,0.0,0.0,0.0,0.0,0.0,0.0,0.0,0.0,0.0,0.0,0.0,0.0,0.0,0.0,0.0,0.0,0.0,0.0,0.0,0.0,0.0,0.0,0.0,0.0,0.0,0.0,0.0,0.0,0.0
应收分保账款(万元),0.0,0.0,0.0,0.0,0.0,0.0,0.0,0.0,0.0,0.0,0.0,0.0,0.0,0.0,0.0,0.0,0.0,0.0,0.0,0.0,0.0,0.0,0.0,0.0,0.0,0.0,0.0,0.0,0.0,0.0,0.0,0.0,0.0,0.0,0.0,0.0,0.0,0.0,0.0,0.0,0.0,0.0,0.0,0.0,0.0,0.0,0.0,0.0,0.0,0.0,0.0,0.0,0.0
应收分保合同准备金(万元),0.0,0.0,0.0,0.0,0.0,0.0,0.0,0.0,0.0,0.0,0.0,0.0,0.0,0.0,0.0,0.0,0.0,0.0,0.0,0.0,0.0,0.0,0.0,0.0,0.0,0.0,0.0,0.0,0.0,0.0,0.0,0.0,0.0,0.0,0.0,0.0,0.0,0.0,0.0,0.0,0.0,0.0,0.0,0.0,0.0,0.0,0.0,0.0,0.0,0.0,0.0,0.0,0.0
应收利息(万元),0.0,0.0,0.0,0.0,0.0,0.0,0.0,0.0,0.0,0.0,0.0,0.0,0.0,0.0,0.0,0.0,0.0,0.0,0.0,0.0,0.0,0.0,0.0,0.0,0.0,0.0,0.0,0.0,0.0,0.0,0.0,0.0,0.0,0.0,0.0,0.0,0.0,0.0,0.0,0.0,0.0,0.0,0.0,0.0,0.0,0.0,0.0,0.0,0.0,0.0,0.0,0.0,0.0
应收股利(万元),0.0,0.0,0.0,0.0,0.0,0.0,0.0,0.0,0.0,0.0,0.0,0.0,0.0,0.0,0.0,0.0,0.0,0.0,0.0,0.0,0.0,0.0,0.0,0.0,0.0,0.0,0.0,0.0,0.0,0.0,0.0,0.0,0.0,0.0,0.0,0.0,0.0,0.0,0.0,0.0,0.0,0.0,0.0,0.0,0.0,0.0,0.0,0.0,0.0,0.0,0.0,0.0,0.0
其他应收款(万元),24093768.0,16324977.0,13778119.0,12460244.0,12504455.0,10543500.0,8827179.0,8078009.0,7840039.0,7548564.0,6590642.0,6469519.0,6092505.0,4892446.0,4289323.0,4306154.0,4304209.0,3481532.0,3244225.0,3307164.0,2388469.0,2005792.0,2626339.0,1910224.0,1771990.0,1844061.0,2251070.0,1735255.0,1620049.0,1493831.0,1383020.0,1182224.0,971767.0,778581.0,419054.0,390343.0,367143.0,349610.0,369149.0,299712.0,306379.0,276406.0,257278.0,165199.0,167633.0,67101.0,67950.0,68799.0,69648.0,70497.0,70497.0,70497.0,70497.0
应收出口退税(万元),0.0,0.0,0.0,0.0,0.0,0.0,0.0,0.0,0.0,0.0,0.0,0.0,0.0,0.0,0.0,0.0,0.0,0.0,0.0,0.0,0.0,0.0,0.0,0.0,0.0,0.0,0.0,0.0,0.0,0.0,0.0,0.0,0.0,0.0,0.0,0.0,0.0,0.0,0.0,0.0,0.0,0.0,0.0,0.0,0.0,0.0,0.0,0.0,0.0,0.0,0.0,0.0,0.0
应收补贴款(万元),0.0,0.0,0.0,0.0,0.0,0.0,0.0,0.0,0.0,0.0,0.0,0.0,0.0,0.0,0.0,0.0,0.0,0.0,0.0,0.0,0.0,0.0,0.0,0.0,0.0,0.0,0.0,0.0,0.0,0.0,0.0,0.0,0.0,0.0,0.0,0.0,0.0,0.0,0.0,0.0,0.0,0.0,0.0,0.0,0.0,0.0,0.0,0.0,0.0,0.0,0.0,0.0,0.0
应收保证金(万元),0.0,0.0,0.0,0.0,0.0,0.0,0.0,0.0,0.0,0.0,0.0,0.0,0.0,0.0,0.0,0.0,0.0,0.0,0.0,0.0,0.0,0.0,0.0,0.0,0.0,0.0,0.0,0.0,0.0,0.0,0.0,0.0,0.0,0.0,0.0,0.0,0.0,0.0,0.0,0.0,0.0,0.0,0.0,0.0,0.0,0.0,0.0,0.0,0.0,0.0,0.0,0.0,0.0
内部应收款(万元),0.0,0.0,0.0,0.0,0.0,0.0,0.0,0.0,0.0,0.0,0.0,0.0,0.0,0.0,0.0,0.0,0.0,0.0,0.0,0.0,0.0,0.0,0.0,0.0,0.0,0.0,0.0,0.0,0.0,0.0,0.0,0.0,0.0,0.0,0.0,0.0,0.0,0.0,0.0,0.0,0.0,0.0,0.0,0.0,0.0,0.0,0.0,0.0,0.0,0.0,0.0,0.0,0.0
买入返售金融资产(万元),0.0,0.0,0.0,0.0,0.0,0.0,0.0,0.0,0.0,0.0,0.0,0.0,0.0,0.0,0.0,0.0,0.0,0.0,0.0,0.0,0.0,0.0,0.0,0.0,0.0,0.0,0.0,0.0,0.0,0.0,0.0,0.0,0.0,0.0,0.0,0.0,0.0,0.0,0.0,0.0,0.0,0.0,0.0,0.0,0.0,0.0,0.0,0.0,0.0,0.0,0.0,0.0,0.0
存货(万元),63009296.0,59808766.0,55057276.0,49629905.0,49163669.0,46736134.0,44685041.0,42752027.0,41288791.0,36812193.0,35139237.0,33304670.0,33662103.0,31772638.0,35123470.0,34166766.0,34056488.0,33113322.0,33883405.0,31114351.0,28976572.0,25516411.0,24670845.0,22636086.0,21470109.0,20833549.0,19293643.0,17136641.0,15085240.0,13333346.0,12319576.0,11153122.0,10351166.0,9008529.0,8675223.0,8416580.0,8425540.0,8589870.0,8737557.0,8115987.0,7239828.0,6647288.0,6289049.0,4333300.0,3468189.0,3416711.0,2969706.75,2522702.5,2075698.25,1628694.0,1628694.0,1628694.0,1628694.0
待摊费用(万元),0.0,0.0,0.0,0.0,0.0,0.0,0.0,0.0,0.0,0.0,0.0,0.0,0.0,0.0,0.0,0.0,0.0,0.0,0.0,0.0,0.0,0.0,0.0,0.0,0.0,0.0,0.0,0.0,0.0,0.0,0.0,0.0,0.0,0.0,0.0,0.0,0.0,0.0,0.0,0.0,0.0,0.0,0.0,0.0,0.0,0.0,0.0,0.0,0.0,0.0,0.0,0.0,0.0
待处理流动资产损益(万元),0.0,0.0,0.0,0.0,0.0,0.0,0.0,0.0,0.0,0.0,0.0,0.0,0.0,0.0,0.0,0.0,0.0,0.0,0.0,0.0,0.0,0.0,0.0,0.0,0.0,0.0,0.0,0.0,0.0,0.0,0.0,0.0,0.0,0.0,0.0,0.0,0.0,0.0,0.0,0.0,0.0,0.0,0.0,0.0,0.0,0.0,0.0,0.0,0.0,0.0,0.0,0.0,0.0
一年内到期的非流动资产(万元),0.0,0.0,0.0,0.0,0.0,0.0,0.0,0.0,0.0,0.0,0.0,0.0,0.0,0.0,0.0,0.0,0.0,0.0,0.0,0.0,0.0,0.0,0.0,0.0,0.0,0.0,0.0,0.0,0.0,0.0,0.0,0.0,0.0,0.0,0.0,0.0,0.0,0.0,0.0,0.0,0.0,0.0,0.0,0.0,0.0,0.0,0.0,0.0,0.0,0.0,0.0,0.0,0.0
其他流动资产(万元),524896.0,72189.0,306329.0,400800.0,364000.0,867050.0,307830.0,624010.0,135870.0,795660.0,535914.0,563600.0,515640.0,407600.0,0.0,0.0,0.0,0.0,0.0,0.0,0.0,0.0,0.0,0.0,0.0,0.0,0.0,0.0,0.0,0.0,0.0,0.0,0.0,0.0,0.0,0.0,0.0,0.0,0.0,0.0,0.0,0.0,0.0,0.0,0.0,0.0,0.0,0.0,0.0,0.0,0.0,0.0,0.0
流动资产合计(万元),106631528.0,101755283.0,89974887.0,81223494.0,77324290.0,72129543.0,66529681.0,63489675.0,58987962.0,54702438.0,52000130.0,48999153.0,48119860.0,46480570.0,47693144.0,46174699.0,45776443.0,44204659.0,44163978.0,41316903.0,40109931.0,36277374.0,33171982.0,31624211.0,29669105.0,28264665.0,27182613.0,24977080.0,22464664.0,20552073.0,17960559.0,15256152.0,14088694.0,13032328.0,12379277.0,11880878.0,11910408.0,11345637.0,11715185.0,10638432.0,10189643.0,9543252.0,9267094.0,6042581.0,4764036.0,4826257.0,4152752.5,3479248.0,2805743.5,2132239.0,2132239.0,2132239.0,2132239.0
发放贷款及垫款(万元),0.0,0.0,0.0,0.0,0.0,0.0,0.0,0.0,0.0,0.0,0.0,0.0,0.0,0.0,0.0,0.0,0.0,0.0,0.0,0.0,0.0,0.0,0.0,0.0,0.0,0.0,0.0,0.0,0.0,0.0,0.0,0.0,0.0,0.0,0.0,0.0,0.0,0.0,0.0,0.0,0.0,0.0,0.0,0.0,0.0,0.0,0.0,0.0,0.0,0.0,0.0,0.0,0.0
可供出售金融资产(万元),0.0,134075.0,431663.0,383499.0,110352.0,132801.0,121722.0,115337.0,109921.0,113881.0,18547.0,13318.0,13332.0,13318.0,13418.0,13318.0,243167.0,246619.0,19409.0,536.0,476.0,476.0,476.0,476.0,44126.0,44126.0,40476.0,40476.0,40476.0,40476.0,476.0,2489.0,17331.0,16363.0,12998.0,14495.0,12297.0,16742.0,38330.0,40000.0,45715.0,48884.0,19640.0,14628.0,13328.0,8174.0,6900.75,5627.5,4354.25,3081.0,3081.0,3081.0,3081.0
持有至到期投资(万元),0.0,0.0,0.0,0.0,0.0,0.0,0.0,0.0,0.0,0.0,0.0,0.0,0.0,0.0,0.0,0.0,0.0,0.0,0.0,0.0,0.0,0.0,0.0,0.0,0.0,0.0,0.0,0.0,0.0,0.0,0.0,0.0,0.0,0.0,0.0,0.0,0.0,0.0,0.0,0.0,0.0,0.0,0.0,0.0,31880.0,0.0,0.0,0.0,0.0,0.0,0.0,0.0,0.0
长期应收款(万元),0.0,0.0,0.0,0.0,0.0,0.0,0.0,0.0,0.0,0.0,0.0,0.0,0.0,0.0,0.0,0.0,0.0,0.0,0.0,0.0,0.0,0.0,0.0,0.0,0.0,0.0,0.0,0.0,0.0,0.0,0.0,0.0,0.0,0.0,0.0,0.0,0.0,0.0,0.0,0.0,0.0,0.0,0.0,0.0,0.0,0.0,0.0,0.0,0.0,0.0,0.0,0.0,0.0
长期股权投资(万元),8385845.0,8122431.0,6645245.0,6558736.0,6382119.0,6170199.0,5252101.0,4283421.0,3799560.0,3350342.0,2392996.0,2213129.0,2005736.0,1923366.0,1639217.0,1520846.0,1218664.0,1063749.0,924262.0,904775.0,720853.0,704031.0,688424.0,688404.0,656276.0,642649.0,509100.0,510476.0,494405.0,449375.0,464196.0,430787.0,373198.0,356538.0,248553.0,252642.0,240015.0,248573.0,176816.0,219524.0,180079.0,243861.0,108093.0,209914.0,107740.0,81993.0,93093.0,104193.0,115293.0,126393.0,126393.0,126393.0,126393.0
其他长期投资(万元),0.0,0.0,0.0,0.0,0.0,0.0,0.0,0.0,0.0,0.0,0.0,0.0,0.0,0.0,0.0,0.0,0.0,0.0,0.0,0.0,0.0,0.0,0.0,0.0,0.0,0.0,0.0,0.0,0.0,0.0,0.0,0.0,0.0,0.0,0.0,0.0,0.0,0.0,0.0,0.0,0.0,0.0,0.0,0.0,0.0,0.0,0.0,0.0,0.0,0.0,0.0,0.0,0.0
投资性房地产(万元),3242450.0,2881130.0,1898129.0,1732350.0,2172800.0,2187442.0,1400438.0,1337349.0,1140739.0,1076505.0,892097.0,846595.0,838286.0,798088.0,1263895.0,1180225.0,1044256.0,1171048.0,273078.0,248598.0,247190.0,237523.0,224973.0,122534.0,118560.0,112611.0,18832.0,19056.0,12694.0,12918.0,14428.0,12438.0,12561.0,22814.0,22960.0,16837.0,16909.0,19839.0,16749.0,13782.0,28098.0,27709.0,32236.0,35082.0,36489.0,945.0,962.5,980.0,997.5,1015.0,1015.0,1015.0,1015.0
固定资产原值(万元),0.0,888003.0,0.0,845367.0,0.0,822126.0,0.0,637759.0,0.0,592686.0,0.0,469680.0,0.0,314121.0,0.0,256438.0,0.0,282992.0,0.0,229041.0,0.0,221704.0,0.0,214344.0,0.0,212119.0,0.0,172403.0,0.0,167441.0,0.0,175805.0,0.0,174412.0,0.0,154525.0,0.0,162200.0,0.0,97112.0,0.0,88380.0,0.0,74630.0,0.0,73721.0,65002.0,56283.0,47564.0,38845.0,38845.0,38845.0,38845.0
累计折旧(万元),0.0,178122.0,0.0,162126.0,0.0,141047.0,0.0,120128.0,0.0,100938.0,0.0,92921.0,0.0,83286.0,0.0,75562.0,0.0,70015.0,0.0,64943.0,0.0,60478.0,0.0,57698.0,0.0,52533.0,0.0,49399.0,0.0,45483.0,0.0,42160.0,0.0,38814.0,0.0,37948.0,0.0,35667.0,0.0,33061.0,0.0,30860.0,0.0,25375.0,0.0,23714.0,22079.0,20444.0,18809.0,17174.0,17174.0,17174.0,17174.0
固定资产净值(万元),0.0,709881.0,0.0,683241.0,0.0,681079.0,0.0,517631.0,0.0,491748.0,0.0,376759.0,0.0,230835.0,0.0,180876.0,0.0,212977.0,0.0,164098.0,0.0,161226.0,0.0,156646.0,0.0,159586.0,0.0,123003.0,0.0,121958.0,0.0,133645.0,0.0,135598.0,0.0,116577.0,0.0,126533.0,0.0,64051.0,0.0,57521.0,0.0,49255.0,0.0,50006.0,42922.0,35838.0,28754.0,21670.0,21670.0,21670.0,21670.0
固定资产减值准备(万元),0.0,0.0,0.0,0.0,0.0,0.0,0.0,0.0,0.0,0.0,0.0,0.0,0.0,0.0,0.0,0.0,0.0,0.0,0.0,0.0,0.0,0.0,0.0,0.0,0.0,0.0,0.0,0.0,0.0,0.0,0.0,0.0,0.0,0.0,0.0,0.0,0.0,0.0,0.0,0.0,0.0,0.0,0.0,0.0,0.0,0.0,0.0,0.0,0.0,0.0,0.0,0.0,0.0
固定资产(万元),886790.0,709881.0,685739.0,683241.0,651935.0,681079.0,544161.0,517631.0,478400.0,491748.0,404016.0,376759.0,322143.0,230835.0,181035.0,180876.0,211552.0,212977.0,163710.0,164098.0,157841.0,161226.0,156742.0,156646.0,157906.0,159586.0,124983.0,123003.0,121049.0,121958.0,132638.0,133645.0,134358.0,135598.0,115076.0,116577.0,123188.0,126533.0,64357.0,64051.0,58296.0,57521.0,54611.0,49255.0,50504.0,50006.0,42922.0,35838.0,28754.0,21670.0,21670.0,21670.0,21670.0
在建工程(万元),104373.0,102241.0,104447.0,86432.0,87291.0,76531.0,58710.0,76860.0,63709.0,59836.0,55833.0,79016.0,87367.0,183348.0,80097.0,95649.0,94525.0,91367.0,131160.0,122268.0,114956.0,105112.0,102470.0,92533.0,85224.0,70555.0,92788.0,89826.0,80351.0,76428.0,74856.0,72043.0,65630.0,59321.0,10530.0,23661.0,23564.0,18859.0,29457.0,39960.0,30497.0,27127.0,4704.0,2309.0,0.0,327.0,737.75,1148.5,1559.25,1970.0,1970.0,1970.0,1970.0
工程物资(万元),0.0,0.0,0.0,0.0,0.0,0.0,0.0,0.0,0.0,0.0,0.0,0.0,0.0,0.0,0.0,0.0,0.0,0.0,0.0,0.0,0.0,0.0,0.0,0.0,0.0,0.0,0.0,0.0,0.0,0.0,0.0,0.0,0.0,0.0,0.0,0.0,0.0,0.0,0.0,0.0,0.0,0.0,0.0,0.0,0.0,0.0,0.0,0.0,0.0,0.0,0.0,0.0,0.0
固定资产清理(万元),0.0,0.0,0.0,0.0,0.0,0.0,0.0,0.0,0.0,0.0,0.0,0.0,0.0,0.0,0.0,0.0,0.0,0.0,0.0,0.0,0.0,0.0,0.0,0.0,0.0,0.0,0.0,0.0,0.0,0.0,0.0,0.0,0.0,0.0,0.0,0.0,0.0,0.0,0.0,0.0,0.0,0.0,0.0,0.0,0.0,0.0,0.0,0.0,0.0,0.0,0.0,0.0,0.0
生产性生物资产(万元),0.0,0.0,0.0,0.0,0.0,0.0,0.0,0.0,0.0,0.0,0.0,0.0,0.0,0.0,0.0,0.0,0.0,0.0,0.0,0.0,0.0,0.0,0.0,0.0,0.0,0.0,0.0,0.0,0.0,0.0,0.0,0.0,0.0,0.0,0.0,0.0,0.0,0.0,0.0,0.0,0.0,0.0,0.0,0.0,0.0,0.0,0.0,0.0,0.0,0.0,0.0,0.0,0.0
公益性生物资产(万元),0.0,0.0,0.0,0.0,0.0,0.0,0.0,0.0,0.0,0.0,0.0,0.0,0.0,0.0,0.0,0.0,0.0,0.0,0.0,0.0,0.0,0.0,0.0,0.0,0.0,0.0,0.0,0.0,0.0,0.0,0.0,0.0,0.0,0.0,0.0,0.0,0.0,0.0,0.0,0.0,0.0,0.0,0.0,0.0,0.0,0.0,0.0,0.0,0.0,0.0,0.0,0.0,0.0
油气资产(万元),0.0,0.0,0.0,0.0,0.0,0.0,0.0,0.0,0.0,0.0,0.0,0.0,0.0,0.0,0.0,0.0,0.0,0.0,0.0,0.0,0.0,0.0,0.0,0.0,0.0,0.0,0.0,0.0,0.0,0.0,0.0,0.0,0.0,0.0,0.0,0.0,0.0,0.0,0.0,0.0,0.0,0.0,0.0,0.0,0.0,0.0,0.0,0.0,0.0,0.0,0.0,0.0,0.0
无形资产(万元),153860.0,143750.0,141247.0,143905.0,121297.0,126036.0,110192.0,111358.0,104090.0,104499.0,100416.0,95321.0,90228.0,87755.0,65051.0,63779.0,48540.0,43007.0,41917.0,42183.0,42577.0,42685.0,49692.0,46317.0,43440.0,43547.0,32989.0,33095.0,32997.0,37395.0,8072.0,8114.0,8158.0,8197.0,8238.0,0.0,0.0,0.0,0.0,0.0,0.0,0.0,0.0,0.0,0.0,0.0,0.0,0.0,0.0,0.0,0.0,0.0,0.0
开发支出(万元),0.0,0.0,0.0,0.0,0.0,0.0,0.0,0.0,0.0,0.0,0.0,0.0,0.0,0.0,0.0,0.0,0.0,0.0,0.0,0.0,0.0,0.0,0.0,0.0,0.0,0.0,0.0,0.0,0.0,0.0,0.0,0.0,0.0,0.0,0.0,0.0,0.0,0.0,0.0,0.0,0.0,0.0,0.0,0.0,0.0,0.0,0.0,0.0,0.0,0.0,0.0,0.0,0.0
商誉(万元),19748.0,20634.0,20169.0,20169.0,20169.0,20169.0,20169.0,20169.0,20169.0,20169.0,20169.0,20169.0,20169.0,20169.0,20169.0,20169.0,20169.0,20169.0,20169.0,20169.0,20169.0,20169.0,20169.0,0.0,0.0,0.0,0.0,0.0,0.0,0.0,0.0,0.0,0.0,0.0,0.0,0.0,0.0,0.0,0.0,0.0,0.0,0.0,0.0,0.0,0.0,0.0,0.0,0.0,0.0,0.0,0.0,0.0,0.0
长期待摊费用(万元),243568.0,206598.0,149915.0,126650.0,109337.0,96023.0,74412.0,59807.0,51988.0,44788.0,39313.0,37252.0,35382.0,33900.0,7666.0,7429.0,6925.0,6351.0,6578.0,6930.0,1208.0,4232.0,4414.0,4588.0,3997.0,4100.0,3808.0,3906.0,3512.0,3216.0,3718.0,3170.0,2864.0,3132.0,2181.0,2224.0,2234.0,2527.0,2882.0,1995.0,1385.0,687.0,652.0,555.0,522.0,928.0,727.75,527.5,327.25,127.0,127.0,127.0,127.0
股权分置流通权(万元),0.0,0.0,0.0,0.0,0.0,0.0,0.0,0.0,0.0,0.0,0.0,0.0,0.0,0.0,0.0,0.0,0.0,0.0,0.0,0.0,0.0,0.0,0.0,0.0,0.0,0.0,0.0,0.0,0.0,0.0,0.0,0.0,0.0,0.0,0.0,0.0,0.0,0.0,0.0,0.0,0.0,0.0,0.0,0.0,0.0,0.0,0.0,0.0,0.0,0.0,0.0,0.0,0.0
递延所得税资产(万元),1099980.0,965100.0,852034.0,797583.0,796546.0,719853.0,663967.0,618340.0,559782.0,516654.0,480604.0,447562.0,433728.0,401620.0,408829.0,369923.0,359665.0,352526.0,369078.0,349182.0,332254.0,305486.0,334177.0,276740.0,263576.0,232624.0,209392.0,193511.0,180135.0,164316.0,134587.0,132428.0,136803.0,126565.0,150439.0,144678.0,154775.0,144948.0,102753.0,92382.0,72312.0,60406.0,15704.0,12710.0,13358.0,23353.0,18756.0,14159.0,9562.0,4965.0,4965.0,4965.0,4965.0
其他非流动资产(万元),1583410.0,1493569.0,934724.0,1170533.0,899216.0,727744.0,817412.0,600722.0,567428.0,648696.0,675220.0,565490.0,637812.0,667907.0,624893.0,550516.0,487993.0,508062.0,440.0,48554.0,41969.0,21849.0,23940.0,27670.0,1440.0,46379.0,105599.0,105599.0,105599.0,105599.0,0.0,0.0,0.0,0.0,0.0,0.0,0.0,0.0,0.0,0.0,0.0,0.0,0.0,0.0,0.0,0.0,0.0,0.0,0.0,0.0,0.0,0.0,0.0
非流动资产合计(万元),15794951.0,14779409.0,11863312.0,11703097.0,11351062.0,10937879.0,9063283.0,7740994.0,6895786.0,6427119.0,5079212.0,4694611.0,4484184.0,4360306.0,4304270.0,4002731.0,3735455.0,3715874.0,1949802.0,1907293.0,1679494.0,1602788.0,1605478.0,1415908.0,1374546.0,1356179.0,1137967.0,1118948.0,1071219.0,1011682.0,832971.0,795115.0,750902.0,728528.0,570974.0,571115.0,572982.0,578021.0,431343.0,471693.0,416382.0,466195.0,235639.0,324454.0,253822.0,165727.0,164100.5,162474.0,160847.5,159221.0,159221.0,159221.0,159221.0
资产总计(万元),122426479.0,116534692.0,101838199.0,92926592.0,88675352.0,83067421.0,75592965.0,71230669.0,65883748.0,61129557.0,57079342.0,53693764.0,52604044.0,50840876.0,51997414.0,50177429.0,49511898.0,47920532.0,46113780.0,43224196.0,41789425.0,37880162.0,34777460.0,33040118.0,31043650.0,29620844.0,28320581.0,26096028.0,23535883.0,21563755.0,18793530.0,16051266.0,14839596.0,13760855.0,12950251.0,12451993.0,12483390.0,11923658.0,12146528.0,11110124.0,10606024.0,10009447.0,9502733.0,6367034.0,5017858.0,4991984.0,4316853.0,3641722.0,2966591.0,2291460.0,2291460.0,2291460.0,2291460.0
短期借款(万元),779754.0,1610886.0,1730112.0,1341964.0,1585862.0,1657659.0,683653.0,285097.0,329699.0,190009.0,76303.0,47665.0,102330.0,238307.0,602864.0,658243.0,437678.0,510251.0,1252274.0,1198862.0,1310805.0,993240.0,448364.0,480011.0,204494.0,172445.0,92101.0,160720.0,171800.0,147800.0,200007.0,102331.0,43000.0,118826.0,191524.0,214130.0,660454.0,460197.0,453352.0,535062.0,142485.0,110485.0,45000.0,184000.0,185299.0,271547.0,226160.25,180773.5,135386.75,90000.0,90000.0,90000.0,90000.0
向中央银行借款(万元),0.0,0.0,0.0,0.0,0.0,0.0,0.0,0.0,0.0,0.0,0.0,0.0,0.0,0.0,0.0,0.0,0.0,0.0,0.0,0.0,0.0,0.0,0.0,0.0,0.0,0.0,0.0,0.0,0.0,0.0,0.0,0.0,0.0,0.0,0.0,0.0,0.0,0.0,0.0,0.0,0.0,0.0,0.0,0.0,0.0,0.0,0.0,0.0,0.0,0.0,0.0,0.0,0.0
吸收存款及同业存放(万元),0.0,0.0,0.0,0.0,0.0,0.0,0.0,0.0,0.0,0.0,0.0,0.0,0.0,0.0,0.0,0.0,0.0,0.0,0.0,0.0,0.0,0.0,0.0,0.0,0.0,0.0,0.0,0.0,0.0,0.0,0.0,0.0,0.0,0.0,0.0,0.0,0.0,0.0,0.0,0.0,0.0,0.0,0.0,0.0,0.0,0.0,0.0,0.0,0.0,0.0,0.0,0.0,0.0
拆入资金(万元),0.0,0.0,0.0,0.0,0.0,0.0,0.0,0.0,0.0,0.0,0.0,0.0,0.0,0.0,0.0,0.0,0.0,0.0,0.0,0.0,0.0,0.0,0.0,0.0,0.0,0.0,0.0,0.0,0.0,0.0,0.0,0.0,0.0,0.0,0.0,0.0,0.0,0.0,0.0,0.0,0.0,0.0,0.0,0.0,0.0,0.0,0.0,0.0,0.0,0.0,0.0,0.0,0.0
交易性金融负债(万元),0.0,0.0,0.0,0.0,0.0,0.0,0.0,0.0,0.0,0.0,0.0,0.0,0.0,0.0,224.0,768.0,1034.0,1169.0,1314.0,1382.0,2430.0,2576.0,2631.0,1931.0,2740.0,1704.0,2462.0,1055.0,1612.0,1505.0,1553.0,507.0,34.0,0.0,0.0,354.0,384.0,169.0,627.0,2397.0,3628.0,2096.0,0.0,0.0,0.0,0.0,0.0,0.0,0.0,0.0,0.0,0.0,0.0
衍生金融负债(万元),161758.0,101994.0,59898.0,25791.0,0.0,0.0,201.0,0.0,0.0,0.0,0.0,1758.0,0.0,0.0,0.0,0.0,0.0,0.0,0.0,0.0,0.0,0.0,0.0,0.0,0.0,0.0,0.0,0.0,0.0,0.0,0.0,0.0,0.0,0.0,0.0,0.0,0.0,0.0,0.0,0.0,0.0,0.0,0.0,0.0,0.0,0.0,0.0,0.0,0.0,0.0,0.0,0.0,0.0
应付票据(万元),342239.0,333018.0,279400.0,222282.0,262808.0,360384.0,535173.0,834093.0,1147951.0,1674473.0,1828879.0,2163388.0,2470131.0,2129189.0,2133170.0,1660876.0,1403744.0,1478390.0,1317815.0,1094887.0,786542.0,497713.0,169160.0,27162.0,0.0,3125.0,3125.0,0.0,0.0,0.0,0.0,0.0,0.0,3000.0,0.0,0.0,0.0,0.0,0.0,0.0,0.0,0.0,0.0,0.0,0.0,0.0,94.5,189.0,283.5,378.0,378.0,378.0,378.0
应付账款(万元),16980313.0,17343940.0,13594735.0,13095724.0,12323672.0,13804756.0,11876036.0,10670556.0,9204379.0,9144646.0,7679953.0,6362393.0,6571585.0,6704720.0,6034479.0,5966803.0,5559868.0,6395846.0,4735909.0,4831239.0,4302967.0,4486100.0,3206410.0,2868530.0,2822369.0,2974581.0,2047960.0,1843502.0,1622566.0,1692378.0,1313437.0,1334515.0,1593783.0,1630005.0,1212752.0,1219885.0,1105727.0,1289596.0,1019844.0,1013996.0,920280.0,1110380.0,660287.0,642970.0,349593.0,595226.0,528868.0,462510.0,396152.0,329794.0,329794.0,329794.0,329794.0
预收账款(万元),0.0,40770594.0,40788227.0,35793132.0,32793610.0,27464555.0,31260298.0,27833316.0,25108608.0,21262571.0,23135406.0,21047762.0,20636404.0,18174934.0,19927198.0,18152973.0,17672133.0,15551807.0,17529812.0,15940179.0,15043590.0,13102398.0,14484071.0,13086479.0,12236341.0,11110172.0,12281485.0,10707356.0,9294074.0,7440520.0,6564637.0,4538494.0,3669459.0,3173480.0,3456874.0,2997975.0,2738791.0,2394576.0,3107980.0,2645369.0,2430899.0,2162275.0,2879876.0,1349801.0,956597.0,883635.0,779330.0,675025.0,570720.0,466415.0,466415.0,466415.0,466415.0
卖出回购金融资产款(万元),0.0,0.0,0.0,0.0,0.0,0.0,0.0,0.0,0.0,0.0,0.0,0.0,0.0,0.0,0.0,0.0,0.0,0.0,0.0,0.0,0.0,0.0,0.0,0.0,0.0,0.0,0.0,0.0,0.0,0.0,0.0,0.0,0.0,0.0,0.0,0.0,0.0,0.0,0.0,0.0,0.0,0.0,0.0,0.0,0.0,0.0,0.0,0.0,0.0,0.0,0.0,0.0,0.0
应付手续费及佣金(万元),0.0,0.0,0.0,0.0,0.0,0.0,0.0,0.0,0.0,0.0,0.0,0.0,0.0,0.0,0.0,0.0,0.0,0.0,0.0,0.0,0.0,0.0,0.0,0.0,0.0,0.0,0.0,0.0,0.0,0.0,0.0,0.0,0.0,0.0,0.0,0.0,0.0,0.0,0.0,0.0,0.0,0.0,0.0,0.0,0.0,0.0,0.0,0.0,0.0,0.0,0.0,0.0,0.0
应付职工薪酬(万元),350510.0,493041.0,256872.0,163997.0,268851.0,383993.0,90638.0,106843.0,98304.0,264266.0,46297.0,48532.0,44698.0,183083.0,26919.0,33126.0,155696.0,245167.0,125491.0,128728.0,123767.0,217775.0,94926.0,83825.0,104805.0,169035.0,55171.0,66014.0,72213.0,141576.0,45469.0,48570.0,29010.0,80650.0,38649.0,37329.0,25520.0,51776.0,14511.0,17516.0,19538.0,72979.0,8627.0,7145.0,4654.0,32522.0,29567.5,26613.0,23658.5,20704.0,20704.0,20704.0,20704.0
应交税费(万元),884628.0,1077491.0,754347.0,552094.0,677065.0,955308.0,492661.0,435766.0,370931.0,737398.0,358694.0,350248.0,393032.0,512417.0,296438.0,257529.0,388905.0,457821.0,181975.0,283519.0,402305.0,451559.0,253216.0,294389.0,350611.0,407862.0,159509.0,165567.0,245347.0,316548.0,62976.0,79690.0,92886.0,117688.0,-193723.0,-136165.0,-124729.0,-86199.0,-187539.0,-83320.0,-13395.0,79572.0,-149894.0,-17591.0,-17448.0,20355.0,16951.75,13548.5,10145.25,6742.0,6742.0,6742.0,6742.0
应付利息(万元),86206.0,99514.0,94931.0,68272.0,68686.0,37837.0,46911.0,43806.0,33431.0,23158.0,28834.0,23264.0,24438.0,33651.0,36841.0,31179.0,26001.0,29124.0,38404.0,70595.0,60421.0,64969.0,17401.0,51099.0,38111.0,27230.0,13859.0,36421.0,24162.0,12781.0,3097.0,30437.0,21504.0,12264.0,3593.0,32348.0,33355.0,21988.0,10864.0,0.0,0.0,0.0,0.0,0.0,0.0,0.0,0.0,0.0,0.0,0.0,0.0,0.0,0.0
应付股利(万元),0.0,0.0,0.0,0.0,0.0,0.0,0.0,0.0,0.0,0.0,0.0,0.0,0.0,0.0,0.0,0.0,0.0,0.0,0.0,0.0,0.0,0.0,0.0,204962.0,0.0,0.0,0.0,0.0,0.0,0.0,0.0,0.0,0.0,0.0,0.0,0.0,0.0,0.0,0.0,0.0,0.0,0.0,0.0,0.0,0.0,0.0,0.0,0.0,0.0,0.0,0.0,0.0,0.0
其他应交款(万元),0.0,0.0,0.0,0.0,0.0,0.0,0.0,0.0,0.0,0.0,0.0,0.0,0.0,0.0,0.0,0.0,0.0,0.0,0.0,0.0,0.0,0.0,0.0,0.0,0.0,0.0,0.0,0.0,0.0,0.0,0.0,0.0,0.0,0.0,0.0,0.0,0.0,0.0,0.0,0.0,0.0,0.0,0.0,0.0,0.0,0.0,0.0,0.0,0.0,0.0,0.0,0.0,0.0
应付保证金(万元),0.0,0.0,0.0,0.0,0.0,0.0,0.0,0.0,0.0,0.0,0.0,0.0,0.0,0.0,0.0,0.0,0.0,0.0,0.0,0.0,0.0,0.0,0.0,0.0,0.0,0.0,0.0,0.0,0.0,0.0,0.0,0.0,0.0,0.0,0.0,0.0,0.0,0.0,0.0,0.0,0.0,0.0,0.0,0.0,0.0,0.0,0.0,0.0,0.0,0.0,0.0,0.0,0.0
内部应付款(万元),0.0,0.0,0.0,0.0,0.0,0.0,0.0,0.0,0.0,0.0,0.0,0.0,0.0,0.0,0.0,0.0,0.0,0.0,0.0,0.0,0.0,0.0,0.0,0.0,0.0,0.0,0.0,0.0,0.0,0.0,0.0,0.0,0.0,0.0,0.0,0.0,0.0,0.0,0.0,0.0,0.0,0.0,0.0,0.0,0.0,0.0,0.0,0.0,0.0,0.0,0.0,0.0,0.0
其他应付款(万元),16462937.0,18288680.0,13093010.0,12677087.0,11534491.0,10658026.0,7919947.0,8133134.0,7027603.0,6235022.0,4713189.0,5521960.0,4427129.0,4544173.0,5171030.0,5284672.0,6137037.0,5470429.0,5195224.0,4574162.0,4795035.0,3604532.0,3267050.0,3061149.0,2999401.0,3021679.0,2527428.0,2135618.0,1891985.0,1681403.0,1294817.0,1214625.0,1093284.0,925873.0,936086.0,899454.0,974266.0,996830.0,1122837.0,969984.0,935354.0,590745.0,484429.0,476183.0,309323.0,289332.0,244092.75,198853.5,153614.25,108375.0,108375.0,108375.0,108375.0
预提费用(万元),0.0,0.0,0.0,0.0,0.0,0.0,0.0,0.0,0.0,0.0,0.0,0.0,0.0,0.0,0.0,0.0,0.0,0.0,0.0,0.0,0.0,0.0,0.0,0.0,0.0,0.0,0.0,0.0,0.0,0.0,0.0,0.0,0.0,0.0,0.0,0.0,0.0,0.0,0.0,0.0,0.0,0.0,0.0,0.0,0.0,0.0,0.0,0.0,0.0,0.0,0.0,0.0,0.0
预计流动负债(万元),0.0,0.0,0.0,0.0,0.0,0.0,0.0,0.0,0.0,0.0,0.0,0.0,0.0,0.0,0.0,0.0,0.0,0.0,0.0,0.0,0.0,0.0,0.0,0.0,0.0,0.0,0.0,0.0,0.0,0.0,0.0,0.0,0.0,0.0,0.0,0.0,0.0,0.0,0.0,0.0,0.0,0.0,0.0,0.0,0.0,0.0,0.0,0.0,0.0,0.0,0.0,0.0,0.0
应付分保账款(万元),0.0,0.0,0.0,0.0,0.0,0.0,0.0,0.0,0.0,0.0,0.0,0.0,0.0,0.0,0.0,0.0,0.0,0.0,0.0,0.0,0.0,0.0,0.0,0.0,0.0,0.0,0.0,0.0,0.0,0.0,0.0,0.0,0.0,0.0,0.0,0.0,0.0,0.0,0.0,0.0,0.0,0.0,0.0,0.0,0.0,0.0,0.0,0.0,0.0,0.0,0.0,0.0,0.0
保险合同准备金(万元),0.0,0.0,0.0,0.0,0.0,0.0,0.0,0.0,0.0,0.0,0.0,0.0,0.0,0.0,0.0,0.0,0.0,0.0,0.0,0.0,0.0,0.0,0.0,0.0,0.0,0.0,0.0,0.0,0.0,0.0,0.0,0.0,0.0,0.0,0.0,0.0,0.0,0.0,0.0,0.0,0.0,0.0,0.0,0.0,0.0,0.0,0.0,0.0,0.0,0.0,0.0,0.0,0.0
代理买卖证券款(万元),0.0,0.0,0.0,0.0,0.0,0.0,0.0,0.0,0.0,0.0,0.0,0.0,0.0,0.0,0.0,0.0,0.0,0.0,0.0,0.0,0.0,0.0,0.0,0.0,0.0,0.0,0.0,0.0,0.0,0.0,0.0,0.0,0.0,0.0,0.0,0.0,0.0,0.0,0.0,0.0,0.0,0.0,0.0,0.0,0.0,0.0,0.0,0.0,0.0,0.0,0.0,0.0,0.0
代理承销证券款(万元),0.0,0.0,0.0,0.0,0.0,0.0,0.0,0.0,0.0,0.0,0.0,0.0,0.0,0.0,0.0,0.0,0.0,0.0,0.0,0.0,0.0,0.0,0.0,0.0,0.0,0.0,0.0,0.0,0.0,0.0,0.0,0.0,0.0,0.0,0.0,0.0,0.0,0.0,0.0,0.0,0.0,0.0,0.0,0.0,0.0,0.0,0.0,0.0,0.0,0.0,0.0,0.0,0.0
国际票证结算(万元),0.0,0.0,0.0,0.0,0.0,0.0,0.0,0.0,0.0,0.0,0.0,0.0,0.0,0.0,0.0,0.0,0.0,0.0,0.0,0.0,0.0,0.0,0.0,0.0,0.0,0.0,0.0,0.0,0.0,0.0,0.0,0.0,0.0,0.0,0.0,0.0,0.0,0.0,0.0,0.0,0.0,0.0,0.0,0.0,0.0,0.0,0.0,0.0,0.0,0.0,0.0,0.0,0.0
国内票证结算(万元),0.0,0.0,0.0,0.0,0.0,0.0,0.0,0.0,0.0,0.0,0.0,0.0,0.0,0.0,0.0,0.0,0.0,0.0,0.0,0.0,0.0,0.0,0.0,0.0,0.0,0.0,0.0,0.0,0.0,0.0,0.0,0.0,0.0,0.0,0.0,0.0,0.0,0.0,0.0,0.0,0.0,0.0,0.0,0.0,0.0,0.0,0.0,0.0,0.0,0.0,0.0,0.0,0.0
递延收益(万元),0.0,0.0,0.0,0.0,0.0,0.0,0.0,0.0,0.0,0.0,0.0,0.0,0.0,0.0,0.0,0.0,0.0,0.0,0.0,0.0,0.0,0.0,0.0,0.0,0.0,0.0,0.0,0.0,0.0,0.0,0.0,0.0,0.0,0.0,0.0,0.0,0.0,0.0,0.0,0.0,0.0,0.0,0.0,0.0,0.0,0.0,0.0,0.0,0.0,0.0,0.0,0.0,0.0
应付短期债券(万元),0.0,0.0,0.0,0.0,0.0,0.0,0.0,0.0,0.0,0.0,0.0,0.0,0.0,0.0,0.0,0.0,0.0,0.0,0.0,0.0,0.0,0.0,0.0,0.0,0.0,0.0,0.0,0.0,0.0,0.0,0.0,0.0,0.0,0.0,0.0,0.0,0.0,0.0,0.0,0.0,0.0,0.0,0.0,0.0,0.0,0.0,0.0,0.0,0.0,0.0,0.0,0.0,0.0
一年内到期的非流动负债(万元),4111053.0,4616384.0,3692575.0,3672015.0,3248353.0,2677330.0,2410311.0,2644137.0,2368957.0,2474640.0,2340892.0,2329789.0,2261034.0,2044929.0,1383496.0,1569922.0,2353093.0,2752179.0,2638052.0,3286577.0,3095849.0,2562496.0,1412271.0,1550573.0,1575940.0,2184583.0,2282315.0,2143189.0,1856984.0,1530569.0,1383111.0,1239302.0,1230525.0,744041.0,640768.0,998551.0,1212616.0,1326437.0,1253627.0,961215.0,867200.0,748868.0,586715.0,307715.0,195497.0,109009.0,98331.25,87653.5,76975.75,66298.0,66298.0,66298.0,66298.0
其他流动负债(万元),0.0,0.0,0.0,0.0,0.0,0.0,0.0,0.0,0.0,0.0,0.0,0.0,0.0,0.0,0.0,0.0,0.0,0.0,0.0,0.0,0.0,0.0,0.0,0.0,0.0,0.0,0.0,0.0,0.0,0.0,0.0,0.0,0.0,0.0,0.0,0.0,0.0,0.0,0.0,0.0,0.0,0.0,0.0,0.0,0.0,0.0,0.0,0.0,0.0,0.0,0.0,0.0,0.0
流动负债合计(万元),88095367.0,84735543.0,74344107.0,67612358.0,62763400.0,57999849.0,55315828.0,50986747.0,45689864.0,42006183.0,40208447.0,37896759.0,36930781.0,34565403.0,35612659.0,33616091.0,34135190.0,32892183.0,33016270.0,31410130.0,29923712.0,25983357.0,23355500.0,21710112.0,20334813.0,20072416.0,19465416.0,17259441.0,15180744.0,12965079.0,10869104.0,8588469.0,7773484.0,6805828.0,6286523.0,6263861.0,6626383.0,6455372.0,6796103.0,6062218.0,5305988.0,4877398.0,4515039.0,2950222.0,1983515.0,2201627.0,1923396.75,1645166.5,1366936.25,1088706.0,1088706.0,1088706.0,1088706.0
长期借款(万元),11255848.0,9602904.0,7714669.0,6573612.0,7023966.0,5640606.0,3168013.0,3678719.0,3913599.0,3382858.0,2996751.0,2779440.0,2817813.0,3453671.0,4685690.0,4921060.0,4377208.0,3668313.0,3100336.0,2445025.0,2828945.0,3603607.0,3583064.0,3673980.0,3126002.0,2097196.0,2232280.0,2393777.0,2079673.0,2479050.0,2331764.0,1962535.0,1663516.0,1750280.0,1765640.0,1343964.0,1216897.0,917412.0,992391.0,1369873.0,1648598.0,1636208.0,1777054.0,1587031.0,1230961.0,945288.0,738498.0,531708.0,324918.0,118128.0,118128.0,118128.0,118128.0
应付债券(万元),3165235.0,3232267.0,2705835.0,2328292.0,2343808.0,2910838.0,2540378.0,2538295.0,2197358.0,1901581.0,1687209.0,1161424.0,1162641.0,1161223.0,988844.0,990082.0,746903.0,739839.0,480900.0,483178.0,494591.0,0.0,587362.0,586575.0,585801.0,585040.0,584290.0,583553.0,582590.0,582114.0,581412.0,580722.0,580042.0,579374.0,578716.0,578069.0,577432.0,576802.0,576175.0,0.0,0.0,0.0,0.0,0.0,0.0,0.0,21087.75,42175.5,63263.25,84351.0,84351.0,84351.0,84351.0
长期应付款(万元),0.0,0.0,0.0,0.0,0.0,0.0,0.0,0.0,0.0,0.0,0.0,0.0,0.0,0.0,0.0,0.0,0.0,0.0,0.0,0.0,0.0,0.0,0.0,0.0,0.0,0.0,0.0,0.0,0.0,0.0,0.0,0.0,0.0,0.0,0.0,0.0,0.0,0.0,0.0,0.0,0.0,0.0,254998.0,0.0,0.0,5700.0,14989.25,24278.5,33567.75,42857.0,42857.0,42857.0,42857.0
专项应付款(万元),0.0,0.0,0.0,0.0,0.0,0.0,0.0,0.0,0.0,0.0,0.0,0.0,0.0,0.0,0.0,0.0,0.0,0.0,0.0,0.0,0.0,0.0,0.0,0.0,0.0,0.0,0.0,0.0,0.0,0.0,0.0,0.0,0.0,0.0,0.0,0.0,0.0,0.0,0.0,0.0,0.0,0.0,1249.0,818.0,336.0,1739.0,1304.25,869.5,434.75,0.0,0.0,0.0,0.0
预计非流动负债(万元),15056.0,15987.0,16885.0,14139.0,11217.0,11867.0,14899.0,10963.0,14196.0,14322.0,10029.0,8929.0,6036.0,5342.0,7105.0,7330.0,6301.0,4688.0,6128.0,5855.0,5108.0,4429.0,6244.0,5790.0,5474.0,3868.0,4061.0,4544.0,5750.0,4111.0,4357.0,3361.0,3761.0,3436.0,3243.0,3039.0,3394.0,4173.0,4502.0,4038.0,3958.0,3796.0,6226.0,3339.0,3300.0,3168.0,2975.5,2783.0,2590.5,2398.0,2398.0,2398.0,2398.0
长期递延收益(万元),0.0,0.0,0.0,0.0,0.0,0.0,0.0,0.0,0.0,0.0,0.0,0.0,0.0,0.0,0.0,0.0,0.0,0.0,0.0,0.0,0.0,0.0,0.0,0.0,0.0,0.0,0.0,0.0,0.0,0.0,0.0,0.0,0.0,0.0,0.0,0.0,0.0,0.0,0.0,0.0,0.0,0.0,0.0,0.0,0.0,0.0,0.0,0.0,0.0,0.0,0.0,0.0,0.0
递延所得税负债(万元),103192.0,26530.0,41786.0,42800.0,52649.0,50405.0,54200.0,54910.0,55496.0,55843.0,55300.0,58896.0,58599.0,59030.0,79273.0,66027.0,66383.0,67272.0,69690.0,70078.0,71984.0,73381.0,79668.0,78797.0,78210.0,77891.0,74675.0,72909.0,73273.0,73899.0,72364.0,73326.0,78653.0,80246.0,78536.0,80593.0,84526.0,86780.0,90298.0,90222.0,97966.0,99100.0,2543.0,1886.0,4625.0,89112.0,82246.5,75381.0,68515.5,61650.0,61650.0,61650.0,61650.0
其他非流动负债(万元),258041.0,254067.0,242388.0,239616.0,281710.0,286200.0,146288.0,143631.0,138347.0,137808.0,9084.0,8330.0,7822.0,6844.0,5591.0,4851.0,4816.0,4296.0,3802.0,3382.0,2442.0,1568.0,1535.0,1467.0,1280.0,1180.0,4483.0,1055.0,930.0,882.0,855.0,874.0,789.0,841.0,1179.0,1972.0,1522.0,1264.0,1894.0,1473.0,1527.0,991.0,0.0,0.0,0.0,0.0,480.0,960.0,1440.0,1920.0,1920.0,1920.0,1920.0
非流动负债合计(万元),14797372.0,13131755.0,10721563.0,9198458.0,9713350.0,8899916.0,5923778.0,6426518.0,6318995.0,5492412.0,4758373.0,4017020.0,4052911.0,4686111.0,5766503.0,5989350.0,5201611.0,4484407.0,3660856.0,3007518.0,3403070.0,3682985.0,4257874.0,4346609.0,3796767.0,2765174.0,2899790.0,3055838.0,2742215.0,3140056.0,2990752.0,2620817.0,2326761.0,2414176.0,2427313.0,2007637.0,1883771.0,1586431.0,1665259.0,1465606.0,1752050.0,1740096.0,2042071.0,1593074.0,1239222.0,1045007.0,861581.25,678155.5,494729.75,311304.0,311304.0,311304.0,311304.0
负债合计(万元),102892739.0,97867298.0,85065670.0,76810816.0,72476750.0,66899764.0,61239607.0,57413264.0,52008859.0,47498595.0,44966820.0,41913779.0,40983692.0,39251514.0,41379162.0,39605441.0,39336801.0,37376590.0,36677126.0,34417648.0,33326782.0,29666342.0,27613374.0,26056721.0,24131580.0,22837590.0,22365205.0,20315280.0,17922959.0,16105135.0,13859856.0,11209286.0,10100245.0,9220004.0,8713836.0,8271499.0,8510154.0,8041803.0,8461362.0,7527824.0,7058038.0,6617494.0,6557110.0,4543295.0,3222737.0,3246634.0,2784978.0,2323322.0,1861666.0,1400010.0,1400010.0,1400010.0,1400010.0
实收资本(或股本)(万元),1103915.0,1103915.0,1103915.0,1103915.0,1103915.0,1103915.0,1103915.0,1103915.0,1103915.0,1105161.0,1104961.0,1104806.0,1104611.0,1103751.0,1101707.0,1101503.0,1101497.0,1101497.0,1101487.0,1101372.0,1100676.0,1099555.0,1099544.0,1099521.0,1099521.0,1099521.0,1099521.0,1099521.0,1099521.0,1099521.0,1099521.0,1099521.0,1099521.0,1099521.0,1099521.0,1099521.0,1099521.0,1099521.0,1099521.0,1099521.0,687201.0,687201.0,687201.0,655485.0,436990.0,436990.0,420809.75,404629.5,388449.25,372269.0,372269.0,372269.0,372269.0
资本公积(万元),830206.0,832926.0,905916.0,920770.0,835685.0,826827.0,807855.0,807876.0,783907.0,817481.0,834237.0,832911.0,855471.0,849363.0,833207.0,831264.0,824282.0,853222.0,889438.0,888419.0,881591.0,868386.0,867461.0,875315.0,887769.0,884346.0,883371.0,879442.0,884407.0,878934.0,885303.0,886592.0,903257.0,855772.0,849697.0,850763.0,788387.0,785314.0,780299.0,795370.0,1295931.0,1283047.0,1266322.0,295642.0,542384.0,531501.0,426617.25,321733.5,216849.75,111966.0,111966.0,111966.0,111966.0
减:库存股(万元),0.0,0.0,0.0,0.0,0.0,0.0,0.0,0.0,0.0,16016.0,16015.0,0.0,0.0,0.0,0.0,0.0,0.0,0.0,0.0,0.0,0.0,0.0,0.0,0.0,0.0,0.0,0.0,0.0,0.0,0.0,0.0,0.0,0.0,0.0,0.0,0.0,0.0,0.0,0.0,0.0,0.0,0.0,0.0,0.0,0.0,0.0,0.0,0.0,0.0,0.0,0.0,0.0,0.0
专项储备(万元),0.0,0.0,0.0,0.0,0.0,0.0,0.0,0.0,0.0,0.0,0.0,0.0,0.0,0.0,0.0,0.0,0.0,0.0,0.0,0.0,0.0,0.0,0.0,0.0,0.0,0.0,0.0,0.0,0.0,0.0,0.0,0.0,0.0,0.0,0.0,0.0,0.0,0.0,0.0,0.0,0.0,0.0,0.0,0.0,0.0,0.0,0.0,0.0,0.0,0.0,0.0,0.0,0.0
盈余公积(万元),3590007.0,3590007.0,3254077.0,3254077.0,3254077.0,3254077.0,2806877.0,2806877.0,2806877.0,2806877.0,2607878.0,2607878.0,2607878.0,2607878.0,2013541.0,2013541.0,2013541.0,2013541.0,1701705.0,1701705.0,1701705.0,1701705.0,1364873.0,1364873.0,1364873.0,1364873.0,1058771.0,1058771.0,1058771.0,1058771.0,873784.0,873784.0,873784.0,873784.0,658198.0,658198.0,658198.0,658198.0,539547.0,539547.0,539547.0,539547.0,440209.0,440209.0,440209.0,440209.0,402502.75,364796.5,327090.25,289384.0,289384.0,289384.0,289384.0
一般风险准备(万元),0.0,0.0,0.0,0.0,0.0,0.0,0.0,0.0,0.0,0.0,0.0,0.0,0.0,0.0,0.0,0.0,0.0,0.0,0.0,0.0,0.0,0.0,0.0,0.0,0.0,0.0,0.0,0.0,0.0,0.0,0.0,0.0,0.0,0.0,0.0,0.0,0.0,0.0,0.0,0.0,0.0,0.0,0.0,0.0,0.0,0.0,0.0,0.0,0.0,0.0,0.0,0.0,0.0
未确定的投资损失(万元),0.0,0.0,0.0,0.0,0.0,0.0,0.0,0.0,0.0,0.0,0.0,0.0,0.0,0.0,0.0,0.0,0.0,0.0,0.0,0.0,0.0,0.0,0.0,0.0,0.0,0.0,0.0,0.0,0.0,0.0,0.0,0.0,0.0,0.0,0.0,0.0,0.0,0.0,0.0,0.0,0.0,0.0,0.0,0.0,0.0,0.0,0.0,0.0,0.0,0.0,0.0,0.0,0.0
未分配利润(万元),8066348.0,7717185.0,6357034.0,5978206.0,6189568.0,6120027.0,5291205.0,5000097.0,5343109.0,5259785.0,4332675.0,4131857.0,4264307.0,4199284.0,3864889.0,3699999.0,3372023.0,3670689.0,3086692.0,2926300.0,2830200.0,2668810.0,2258513.0,2123033.0,2033055.0,1893462.0,1595467.0,1534862.0,1467542.0,1347028.0,1130903.0,1084952.0,993498.0,880840.0,859211.0,815891.0,695304.0,618428.0,561245.0,539697.0,475104.0,403291.0,209894.0,185005.0,144383.0,83148.0,78200.75,73253.5,68306.25,63359.0,63359.0,63359.0,63359.0
拟分配现金股利(万元),0.0,0.0,0.0,0.0,0.0,0.0,0.0,0.0,0.0,0.0,0.0,0.0,0.0,0.0,0.0,0.0,0.0,0.0,0.0,0.0,0.0,0.0,0.0,0.0,0.0,0.0,0.0,0.0,0.0,0.0,0.0,0.0,0.0,0.0,0.0,0.0,0.0,0.0,0.0,0.0,0.0,0.0,0.0,0.0,0.0,0.0,0.0,0.0,0.0,0.0,0.0,0.0,0.0
外币报表折算差额(万元),0.0,0.0,0.0,0.0,0.0,0.0,0.0,0.0,0.0,0.0,0.0,0.0,0.0,0.0,39606.0,42541.0,43026.0,50649.0,47242.0,46666.0,43628.0,44099.0,41786.0,47240.0,50612.0,54578.0,52441.0,47858.0,43041.0,39013.0,36012.0,32446.0,27859.0,27672.0,27648.0,27754.0,27684.0,27731.0,28310.0,27860.0,22591.0,14780.0,6858.0,5067.0,1695.0,1007.0,846.0,685.0,524.0,363.0,363.0,363.0,363.0
归属于母公司股东权益合计(万元),13618518.0,13267532.0,11637327.0,11264066.0,11397138.0,11344477.0,10040353.0,9746073.0,10063674.0,10018352.0,8892608.0,8727269.0,8887723.0,8816457.0,7852949.0,7688847.0,7354370.0,7689598.0,6826564.0,6664463.0,6557800.0,6382555.0,5632176.0,5509982.0,5435831.0,5296780.0,4689571.0,4620453.0,4553282.0,4423268.0,4025522.0,3977295.0,3897919.0,3737589.0,3494275.0,3452127.0,3269095.0,3189193.0,3008923.0,3001995.0,3020373.0,2927865.0,2610483.0,1581408.0,1565661.0,1492855.0,1328976.5,1165098.0,1001219.5,837341.0,837341.0,837341.0,837341.0
少数股东权益(万元),5915222.0,5399862.0,5135202.0,4851710.0,4801464.0,4823180.0,4313005.0,4071332.0,3811215.0,3612610.0,3219914.0,3052716.0,2732629.0,2772905.0,2765303.0,2883141.0,2820728.0,2854344.0,2610090.0,2142085.0,1904842.0,1831264.0,1531910.0,1473416.0,1476240.0,1486474.0,1265804.0,1160295.0,1059642.0,1035352.0,908151.0,864686.0,841432.0,803262.0,742140.0,728367.0,704140.0,692662.0,676242.0,580305.0,527612.0,464088.0,335140.0,242331.0,229460.0,252496.0,202899.5,153303.0,103706.5,54110.0,54110.0,54110.0,54110.0
所有者权益(或股东权益)合计(万元),19533740.0,18667394.0,16772529.0,16115776.0,16198602.0,16167657.0,14353358.0,13817405.0,13874888.0,13630962.0,12112522.0,11779986.0,11620352.0,11589362.0,10618251.0,10571988.0,10175097.0,10543942.0,9436654.0,8806548.0,8462643.0,8213819.0,7164086.0,6983397.0,6912071.0,6783254.0,5955375.0,5780748.0,5612924.0,5458620.0,4933673.0,4841981.0,4739351.0,4540851.0,4236415.0,4180494.0,3973235.0,3881855.0,3685165.0,3582300.0,3547986.0,3391952.0,2945623.0,1823739.0,1795121.0,1745350.0,1531875.0,1318400.0,1104925.0,891450.0,891450.0,891450.0,891450.0
负债和所有者权益(或股东权益)总计(万元),122426479.0,116534692.0,101838199.0,92926592.0,88675352.0,83067421.0,75592965.0,71230669.0,65883748.0,61129557.0,57079342.0,53693764.0,52604044.0,50840876.0,51997414.0,50177429.0,49511898.0,47920532.0,46113780.0,43224196.0,41789425.0,37880162.0,34777460.0,33040118.0,31043650.0,29620844.0,28320581.0,26096028.0,23535883.0,21563755.0,18793530.0,16051266.0,14839596.0,13760855.0,12950251.0,12451993.0,12483390.0,11923658.0,12146528.0,11110124.0,10606024.0,10009447.0,9502733.0,6367034.0,5017858.0,4991984.0,4316853.0,3641722.0,2966591.0,2291460.0,2291460.0,2291460.0,2291460.0
